,1,2,3,4,5,6,7,8,9,10,11,12,13,14,15,16,17,18,19,20,21,22,23,24,25,26,27,28,29,30,31,32,33,34,35,36,37,38,39,40,41,42,43,44,45,46,47,48,49,50,51,52,53,54,55,56,57,58,59,60,61,62,63,64,65,66,67,68,69,70,71,72,73,74,75,76,77,78,79,80,81,82,83,84,85,86,87,88,89,90,91,92,93,94,95,96,97,98,99
0,-0.5318352059925089,0.022933984729826246,-0.2546057283275163,0.05303115856475654,-0.07540355189298331,-1.047493797375215,-0.9431062744896657,-0.7329907773386017,-1.2824359388023923,-1.124231070226488,-0.4732107546575909,-0.3841305692237377,-0.9203358339383175,-0.07927489177489222,-1.2935624210158347,0.1274579716349895,-1.6693148880105257,-1.7085055524185755,-0.3385765373342936,-0.3381065311500156,-1.4717474341515093,-0.6817805383022677,-1.7452663278750045,-0.7097007340485606,-2.1542468820271754,-2.132039023778146,-0.39541596085074127,0.12341063087109252,-1.461867387271101,-0.7218648328896848,-2.4241207998350625,-0.8010052163157756,1.5791347980083,-2.1432991852867356,-0.16112930547714277,-0.45041443718463436,0.45394161832895946,-1.100590449618569,-0.4875704695580362,1.3741093275254381,-0.7199058912102554,-2.4584152079803885,-1.0474290374911468,-1.4483431899907795,-1.3515906901747379,-0.2540247192421108,-0.5102093777983163,-1.7840633486596134,-1.9022247317899301,-0.07126347772310831,-1.193439710121883,-1.3577137838007294,-1.435956548627353,-0.11430613079360269,-0.3366990058689647,-1.2287467398026342,-0.849237940235388,-1.17028582183861,-0.10907811029551308,0.3626237530585199,-0.9836664784490876,-0.9943534726143317,-0.6346831222607638,-1.740230700976049,-0.49830039525690384,0.5865589793229369,-0.02904664693484707,0.3253769281098362,-0.36286090720874414,-0.8717399370815424,-1.3998354391254058,0.9558318987480987,0.4834138564932793,-2.004237690285092,-0.10551738116955883,1.0234304139796002,1.5206846691245413,-1.88565148619494,-1.326444569922809,-0.6838471673254308,-0.23740927057133793,0.2073291925465719,-1.3153679653679622,-0.5188631658196972,-1.5367391304347704,1.7293920572181207,0.18985101854668085,0.9182939420827461,-0.10383963862227041,-1.7213250517598164,5.263606248823624,-1.6245059288537527,-0.7503180877093855,13.798426501035127,0.010178806700545329,2.042725390551478,6.297029926595119,0.569734613212858,0.569922830792386
1,-0.531835205992509,0.14850753688655435,-0.004732729439304584,0.3308719156857299,0.369421134794672,-0.2025551241860768,-0.08865078614610034,-0.24305447412998793,-0.3931221687759736,-0.05236357845053252,0.30974618930160136,-0.01976610074027574,-0.3668927612651047,0.003987240829344957,-0.6703789683129326,0.5405629349401833,-0.2216705796110734,-0.27430245574409096,-0.016090480294463805,-0.16657741190922376,-0.20037726067473383,0.21112118240265332,-0.6064583395246883,-0.12721487513249752,-0.36984467096593576,-0.7925154784193662,0.34505750542363933,0.19045790905578167,-0.13331372996622415,-0.39130010231677936,-1.300093740845607,-0.30546961701260433,0.4903725357230573,-0.31918042329613083,-0.5923367707807125,-0.22200016321625327,0.5739800513380642,0.27881601236293374,0.1729406803287219,0.3141458338254437,-0.5492137115363759,-0.446684299681988,-0.38647617773966014,-0.47919527078565594,-0.44920637922510087,0.016178786888166707,-0.2881534594661316,-0.8492485448516789,-0.548656275075027,0.2385201215913852,-0.18043081531258842,-0.08486136289339408,-0.8597803656515641,0.2899651931675005,0.06674920322725719,-0.13193256999075587,-0.42483322931835876,0.021405291885844058,-0.12481255510318175,-0.01787240981749716,-0.3460012451316805,-0.014265217910193861,0.0765557315083305,-1.1875232335497174,0.3480988290885396,0.4191500207322253,0.11581809930289697,0.3539470358561506,-0.13603693027034677,-0.24279674341131718,-0.03973276739005405,0.26867977811102617,0.1608986022666039,-0.55518574253334,0.3830774336266314,0.8507987185910776,0.6444056782271703,-0.5191440265810829,-0.20653015939055885,-0.3284121370620242,-0.10287126968217988,-0.2511935966398282,-0.19933925723399382,-0.17618105769136072,-0.39816864295124343,0.7297486800003825,1.1211181495849776,0.35800537481478045,-0.7310227148900058,-0.26661713572467294,3.2779246535310502,-0.9853621914752986,0.005553805462275685,9.876102905485006,-0.017594183086175247,1.9136675681298096,5.310452811871561,-0.09609002744015016,0.059367787056568755
2,-0.5318352059925091,0.2480877298504904,0.1951306639322118,0.5482262069114585,0.7181111579227079,0.5095900128810467,0.6310019208999895,0.23921047678484797,0.38899352890036276,0.8569413614608128,0.978167076830039,0.35602692502005984,0.18275043905642163,0.15273031062504583,-0.039936072064218564,0.8616796882243125,0.926249616135205,0.8372153044006647,0.24344292879762242,0.10232953926317534,0.7458461701024675,0.9187936904184082,0.34071030672862124,0.5309367621953403,1.0038887402960714,0.36471191153113214,1.0125503482025229,0.3599206724440758,0.8966106172350061,0.03878367101642366,-0.41592824051470023,0.14935512128712647,-0.3182856080193326,1.0456489048708804,-0.6895052519308827,0.1442317632968143,0.8370722725486575,1.392546980098476,0.6269410783059062,-0.23049140572842353,-0.23730382508415043,1.1012477834903596,0.17714268103284336,0.35155708771269545,0.3523377253770428,0.3727398205659039,-0.007678676869441459,-0.032594992091558694,0.5471777599466461,0.5340041143702468,0.656232598100094,0.9936375853996005,-0.2762190248819867,0.7135390001187918,0.4162426442798822,0.7206374962439042,0.136964545751729,1.0220096873088047,0.029450688645190057,-0.06945952090116925,0.2676825348564471,0.8304547207783584,0.711081416132088,-0.5510216535126669,1.0147874957485983,0.45536412082341393,0.3107772827223616,0.537131619122464,0.27595005299810416,0.3027829030509681,1.0204511946686496,-0.06912041664624313,0.14898372065661047,0.560474670526693,0.8854377989160603,0.8666338476383046,0.10885500972456263,0.5396564618532649,0.703307015892833,0.08269715791454846,0.24694031761640758,-0.4575381801011129,0.8698298777246132,0.25790402833880854,0.5689444213300101,0.09111355463757587,1.8280886771504699,0.05408025993837984,-1.0279953837162146,0.9462770892976962,1.866886518007794,-0.3906776634792315,0.6629040321488844,6.862373918987156,0.05155794624901991,1.8649010536882367,4.606866441465976,-0.4449983654789169,-0.2637283260853074
3,-0.5318352059925091,0.32423728917585326,0.34981082811464737,0.7112254000073854,0.9803535151869577,1.0996076545488536,1.2267508982273005,0.7096659108827639,1.070344718568379,1.6159323760548676,1.5414140037819435,0.7387204816050266,0.7251139609855453,0.3592945152542656,0.5919271912356918,1.103766595157479,1.806947116687327,1.6627039659910863,0.45315769328326383,0.45356668622653157,1.4073272385023623,1.4586560954039776,1.1118228221876136,1.2384156819235526,2.0122209421872936,1.347208570134935,1.6053751794039854,0.6124708383268241,1.6602843247042607,0.5444405346910955,0.2620204190129014,0.5628476232043349,-0.8715610362381607,2.006957706874444,-0.5048230745040531,0.619309532194173,1.214926482926824,2.2633201406212646,0.9041537165914604,-0.3300557651383609,0.18740791940145662,2.23833496494084,0.6509633155437267,1.0498607209335429,1.0525279453839507,0.7970687297178032,0.3203513069908892,0.671228538568883,1.411268166929767,0.815241590984914,1.3317291112325824,1.8898258880557957,0.30719057361520186,1.1469791479595015,0.7172634103347894,1.3537124778487764,0.8022759390143954,1.8497399403558648,0.32553523466108797,0.1586617296793673,0.8487415384454009,1.553817290501713,1.2749284999347519,0.14992456784391672,1.5252071646216225,0.6634974705505207,0.5486217942501224,0.8495239560355046,0.8405492690107021,0.7818575285325298,1.8186208566558397,-0.10497465842091813,0.40073715156448775,1.3816126154008508,1.3950962997308416,1.0414401481745015,-0.1279175968286297,1.3267313979051778,1.4267476992877448,0.5394606760254895,0.772584192050651,-0.44467540237092096,1.879724266101972,0.769012808582064,1.3803304413090411,-0.2283547374986341,2.338130777554664,-0.028144758215331134,-1.0368694346887928,1.9423042221534712,0.9623488427338174,0.15918117472354787,1.229907081895236,4.657014243739216,0.20606560188737924,1.8867184624352449,4.149951504351824,-0.521006072493484,-0.4221063780896863
4,-0.5318352059925092,0.37951894041686185,0.46413413943561654,0.8260008627389535,1.165835204283257,1.578163841540042,1.709495197414531,1.1641736636406175,1.6573649645698372,2.2368580918789536,2.0088490660115363,1.1237865425623825,1.25671799848155,0.6160200523590595,1.2193717450921828,1.279782019409784,2.452923339504308,2.2388197670025636,0.6261878165037592,0.872086392840195,1.8244703248472227,1.848127507018341,1.722462418154977,1.96888338804074,2.7004195251361747,2.1625399214536323,2.121844610946105,0.9287803239948766,2.1900860628132097,1.101724536288407,0.7673969555924431,0.9343865133599398,-1.1941751519527162,2.6205148903747038,-0.09047856407662225,1.1742613333154277,1.6792508834386486,2.9138531809645065,1.0343015874033297,-0.05480061840656392,0.6965056731754813,3.0175311680736385,1.0425215025103514,1.621662464306156,1.650850602547881,1.2705758622705678,0.6850728291139955,1.2675532760777815,2.0696057395290137,1.0822856418068243,1.8612373052012954,2.6157463720527354,0.8829115297738248,1.58084949458886,0.975293594437857,1.7920413937712913,1.5372215045091613,2.5228086269526155,0.7352646966559973,0.6172906517959766,1.3885324425652856,2.1698334383102553,1.7741315512405667,0.8959659592288465,1.902799395605964,1.0118462608675647,0.8221425248127545,1.2657173247220006,1.5252099441815417,1.211285659260585,2.392680628176648,0.1137110798897929,0.8692268348914259,1.9470971585949801,1.9055855211030899,1.3457219672528888,-0.10786240187775364,1.878062200371728,1.9874726341545523,1.0318583756920012,1.4346190543467756,-0.2455761079828911,2.817928734492198,1.3427659993496592,2.051719795885903,-0.2704976150365819,2.6786126271090662,0.07666696468477374,-0.7997566573956382,2.7464108616888354,0.49616862818908825,0.6638478427221388,1.7147374442461254,3.1597985819388263,0.4343591910101511,1.9694124095793195,3.903388689502567,-0.3681288200738937,-0.4385072384130111
5,-0.5318352059925092,0.4164954091277351,0.5429269742227337,0.8986839628716063,1.2842432229074388,1.9559246145773113,2.0901338700403778,1.5985955705352657,2.156487831246498,2.731967135480392,2.3898343593730385,1.506697081439885,1.7740827455037205,0.9152471195814826,1.8365585130106394,1.4026843246513292,2.8966797020451627,2.6022189454104896,0.7756673018004084,1.342841022963516,2.037679809459317,2.1046270349204796,2.188212305933401,2.6960013845355033,3.1137520795711637,2.8182713895488094,2.560271254746958,1.2895210467390819,2.518394501933523,1.686689723389529,1.1338460870791662,1.263350416374859,-1.310849358182287,2.9420893630318057,0.50133995377501,1.7801153565001822,2.2017536750502162,3.3668637881614107,1.0471076829594574,0.5250206604647709,1.2615735874929592,3.4917903162929402,1.3593530186500806,2.072909153259803,2.146792018621089,1.7746715661509003,1.075622226499013,1.7617104493832727,2.548181271399067,1.3351893572074152,2.2599357611226516,3.18344186436796,1.4434069435277035,2.0057138979060984,1.195815289634964,2.06037326295888,2.3079217962755463,3.059428323024651,1.230462688341404,1.257226555320521,1.8784119241462076,2.692514111254373,2.214725138373777,1.667753049350937,2.171005748599972,1.4687066827285644,1.1241303653368335,1.760305003308681,2.2973813049247163,1.6079258214623477,2.7805349188362083,0.5395308253886819,1.5075207105386135,2.295797366614929,2.4104380480649183,1.7499836519266865,0.12707033413184465,2.2296302880499903,2.4091625638536325,1.5498702153352855,2.193603605231009,0.10678885852933573,3.672028109489406,1.9647843169528476,2.598842863960647,-0.07715649660460189,2.8769024021251832,0.33385207296982045,-0.3587688414246454,3.3835436067499685,0.4002028748535693,1.1229558601056397,2.125569608746347,2.2705016357836243,0.724869120798584,2.103275510328946,3.8308586858916653,-0.030382279810188928,-0.335671776511725
6,-0.5318352059925092,0.43772942086269206,0.5910157088036138,0.9354060681707868,1.3452645687553382,2.243556014383358,2.3795659676835403,2.008793467043567,2.574146882940125,3.113508133406502,2.6937319797206714,1.8829240717852915,2.2737283960113404,1.2493159145635901,2.437648418496445,1.4854318745522166,3.170717621768907,2.789557739190259,0.9147301525145096,1.850782940455844,2.087360072660915,2.2455737887693745,2.524655696825574,3.3934311753964432,3.2974861959207065,3.3219683984820545,2.918967722724622,1.6753649238502903,2.677588312436874,2.2753901435756325,1.3950125313283177,1.5491179568700115,-1.2463050579461643,3.0274500325058913,1.218444153474445,2.407899791588042,2.7541430587276112,3.645069649245182,0.9722949954777889,1.3391546974734505,1.8541958136089256,3.714066333002931,1.6089936406802763,2.4095476232237543,2.539838515355835,2.2907661892855025,1.481135836145076,2.159031287433492,2.872985556194602,1.5740058275581235,2.5430030601130706,3.604955191979013,1.9811399148106625,2.4121362158104462,1.3843105889719896,2.1834571043589737,3.08049736835307,3.4778116044975613,1.782952823428793,2.0292687501248645,2.309736660118271,3.135870256384453,2.6027438296586256,2.445936366919002,2.3532677835019995,2.002374927087538,1.4473762067489344,2.307880269922272,3.1245125776543192,1.9886365413650369,3.0200881382396565,1.125078605178539,2.268686718407241,2.4665823059665417,2.9031864656484414,2.2247295492491155,0.5349303507548164,2.417417079737037,2.7154982317453635,2.0834761533765445,3.0100965454295747,0.5794486526321243,4.4296072176877095,2.620688477702882,3.037430024433323,0.30982719916897095,2.9603682789145216,0.708747210970933,0.2439822236362864,3.878649056183052,0.6063085832072268,1.536138746463151,2.470578064940697,1.8888981074712525,1.0660257984339263,2.2786003798926098,3.8960421824925797,0.44821787670758706,-0.13634086184227212
7,-0.5318352059925092,0.4457837011759517,0.6132267195058702,0.9422985464019378,1.3585862395227895,2.4517240816808816,2.588690541922715,2.3906291886423796,2.9167756839924786,3.3937297122046055,2.929904022908656,2.2479394871463603,2.7521751439636932,1.6105666349474375,3.0168023850549845,1.5409830327825467,3.3075385161345605,2.8374923863172614,1.056510371987362,2.3808645091765297,2.0139154947742854,2.2883868782240038,2.7473758021341843,4.03483426461216,3.2968894646132476,3.6811963723149557,3.1962466267971728,2.06698387261935,2.700046164694932,2.8438798444278897,1.584541006195141,1.7910677594663151,-1.0252636542636382,2.932365806457108,2.0086457094452816,3.028642828418612,3.3081272354369187,3.77118845124903,0.8395865171762686,2.3173481186172764,2.445956502778417,3.7373131416077996,1.798979145318301,2.637524709627278,2.8294764145043745,2.8002700796010775,1.890749995051321,2.4648470191765757,3.0700093875702987,1.7987881432303878,2.7256177832889694,3.892329181863435,2.488573543556524,2.7906803062011347,1.5462615854948116,2.1860419369190005,3.8210687747812546,3.7961710472969408,2.3645587156296513,2.8842165460808706,2.673863327411583,3.5139128207508836,2.9442221934193578,3.2111664406418554,2.4730270602103945,2.5811471848985037,1.7846709399756333,2.8830364026895046,3.974052988784446,2.370276345195869,3.149244695992121,1.822948446362159,3.1057927983984994,2.4983210431556646,3.377363358885773,2.740464006273397,1.073767387545817,2.4774039942299417,2.930160381190123,2.622656148236981,3.8446565756687003,1.1394324297918323,5.078250885681224,3.296099197911018,3.383211656203985,0.8486120536558031,2.9563784337885872,1.166689023019238,0.9663847481992626,4.25667380883427,1.0463427537300234,1.9030300213837705,2.7579373023739695,1.914762699199347,1.4462596310974267,2.4856796334787963,4.0626198682787695,1.0236559778893959,0.13674463613890486
8,-0.5318352059925092,0.4432209756217328,0.6143863826571184,0.9254927653305023,1.3338952329056268,2.5910948571925796,2.7284066443366,2.73996457080856,3.1908077987453214,3.5848804984220233,3.107712584791214,2.597215301070848,3.205943183320064,1.99133947837508,3.5681813361916426,1.5822961630124215,3.339643802601135,2.7826791247668905,1.214141963560265,2.9180380929849226,1.8577504561216998,2.25048541294335,2.871955833161922,4.593872156171251,3.1572294760772355,3.9035207351091,3.390420578882688,2.445049810337111,2.618146729079366,3.3682128735274706,1.736076229534878,1.9885784487846876,-0.6724465501539956,2.712605592545599,2.8197562961111267,3.6133726568314963,3.8354144061442232,3.767937881206159,0.6787052402728402,3.3893475498940524,3.0084398062564697,3.6144846655117284,1.9368453092815172,2.7627872478996425,3.0151920378189656,3.2845935850243277,2.2936010402168825,2.6844888735606567,3.1652435591808348,2.0095893945956442,2.8229585117667666,4.05760666099877,2.9581709296991097,3.1319100269773936,1.6871503722493086,2.092876779586393,4.495756569599619,4.032719227348382,2.9471039786554636,3.7728692530604047,2.9621486029562476,3.8406527514040505,3.2451947979802167,3.9440937992283103,2.5537251386235105,3.17331964711548,2.1288054559435046,3.460366679737104,4.813451764729188,2.7697037591820592,3.205909001698739,2.5857343760423284,3.9719068904135746,2.429882644688144,3.8265013128090275,3.2676913700527486,1.7016311840594944,2.4455724503257805,3.0768297555482853,3.157390158337796,4.657842396674612,1.7537693454748222,5.605543940064062,3.9766371938885063,3.6519181381726837,1.4973566482275613,2.892301043058888,1.6730141534458611,1.7663269426763857,4.5425644635498,1.652162386901919,2.2232632044565976,2.99582181059096,2.247870113165554,1.8540010259703328,2.714805886295991,4.294272432223698,1.6519163521451934,0.4608438479753607
9,-0.5318352059925092,0.4326039697542544,0.5993210745849723,0.891120092721924,1.280878546599685,2.6723343816411513,2.8096133265038916,3.0526614490189665,3.4026767915404155,3.6992091186060763,3.236519761222568,2.926223487106513,3.6315527080397367,2.383974642488572,4.085946195411802,1.622329628911943,3.2995348986276505,2.661774192514541,1.4007589305745172,3.447256055740373,1.6592693370254228,2.1492885025863915,2.9139790012114744,5.044206354062323,2.923773820741115,3.996506910926077,3.4998021908992456,2.7902346542944243,2.4642686759618506,3.824443278455547,1.8832629192027746,2.1410286494460493,-0.2125751486365295,2.4239382984315068,3.599587587895571,4.133117466666299,4.307712771815609,3.6580356261497813,0.5193741569854482,4.484899617301586,3.5132298752981175,3.398534828118901,2.030127909287288,2.7912820734701205,3.0964717070518653,3.725147053481956,2.678825308640895,2.8232880795338744,3.184678864680889,2.2064626720253315,2.8502038266628835,4.112830456362559,3.3823951731722435,3.426389236038454,1.8124590422813607,1.9287106513085819,5.070681306847684,4.205668720577476,3.502412226217714,4.646026180935325,3.1659491636823702,4.130100995394341,3.5116962116654458,4.625368971387182,2.6188035786396955,3.747188504692486,2.4725706455791245,4.014464379191801,5.610158131902642,3.2037773095508237,3.2279854649646422,3.3660304213218413,4.820096934353659,2.3001361770698248,4.244132912450318,3.776915987640395,2.3765714798505093,2.3579038668216237,3.17918709818023,3.6776581421001935,5.410212709173535,2.389488555147458,5.999071207430341,4.647923181946603,3.859279849239472,2.2142195642559055,2.79550428303693,2.193059246581929,2.601697017479762,4.761267619175827,2.355624483202888,2.4964718152707315,3.192406079136462,2.787995051567508,2.2776803902338942,2.9562717535526777,4.554680563300824,2.288983327884935,0.8132159042106537
10,-0.5318352059925092,0.4164954091277355,0.5728571716170469,0.8453118963416455,1.209223178300796,2.7061086957492946,2.843209640003289,3.324581658750456,3.558816226719522,3.7489641993040865,3.3256876480569355,3.230436018801113,4.025523912081994,2.7808123249299697,4.564257886220849,1.6740417941512131,3.2197132216731172,2.511433827535599,1.6294952763714186,3.953470761302231,1.4588765178077354,2.0022152568121094,2.889028517585533,5.359498362273969,2.641790089033332,3.9677203238274723,3.5227040747649205,3.083210321782137,2.27079067571405,4.188625106793289,2.0597457930540735,2.247796986071317,0.32962914726947234,2.122132831774982,4.295951259222221,4.558905447762625,4.696730533417163,3.464199373113099,0.3913162595320365,5.533750946837677,3.931910861158398,3.1424175528335034,2.0863627220529746,2.728956021767976,3.0728017439553312,4.103340832900665,3.035559137322495,2.8865758660443603,3.1543060977251405,2.389461065890887,2.8225323090937335,4.070043394932345,3.7537093739097473,3.664681791283545,1.9276696886368452,1.718292571032995,5.5119635405649685,4.333232102909816,4.002307072027891,5.454486639577502,3.2766216865200573,4.39626849977214,3.74976100279929,5.235642485827283,2.691703940157305,4.271049948583541,2.808757399809069,4.519922779180322,6.331621316718902,3.6893555225293797,3.2533784953949683,4.116430609303488,5.603430870119939,2.1479507068065544,4.623790742841759,4.238642206089553,3.0566380144735064,2.2503796625145442,3.2609131524463315,4.173440057945374,6.062326213891696,3.013619214276093,6.246417514374174,5.29557787839656,4.0210271683044,2.9573593831125047,2.69335633003422,2.6921609467585643,3.4303831830214917,4.937729874558531,3.088586043112892,2.722289373415271,3.355864597555273,3.4349122166028447,2.705728131069359,3.2003698504573443,4.807524950483607,2.890841233518583,1.1711199353883406
11,-0.5318352059925091,0.3974580192963949,0.5398210500809554,0.7941995439551097,1.1286161257047986,2.703083840239706,2.8400946364134882,3.551587035479888,3.665659668624405,3.746394367063371,3.3845783411485426,3.505324869702406,4.384376989406121,3.1741927233413274,4.997277332124168,1.750391022400331,3.1326801891965546,2.368314267805466,1.9134850042922662,4.421634573529846,1.2969763787908901,1.8266847852794879,2.812687593586784,5.513409684794794,2.356545871382332,3.8247263978748762,3.4574388423977913,3.3046487300911003,2.0700913987076426,4.436812406121867,2.299169568944018,2.3082620832814094,0.9294449345447231,1.862958100236165,4.85665898451468,4.8617647899600795,4.974175891914968,3.2091468091293227,0.3242545401305512,6.465648164500127,4.236066915092346,2.8990867630597297,2.1130855242959403,2.5817559282224796,2.9436684702816205,4.400585271207159,3.3529388632608157,2.879683462040255,3.100116051968264,2.5586376665637465,2.7551225401757398,3.941288303685669,4.064576631845443,3.837351550611899,2.0382644043616405,1.4863715577070664,5.785723824790992,4.433621950270996,4.418612129797478,6.149049938858796,3.285522848399413,4.6531662115878385,3.9654237397059937,5.755564871257425,2.7958677830746814,4.713200169742663,3.130156609559912,4.951335157829398,6.945290545592059,4.243296924344944,3.319992502594843,4.7895289670900665,6.274976637613609,2.012195300404178,4.959007389015465,4.623374372453443,3.699880527483142,2.158981256201618,3.345688661706969,4.634715864294541,6.574741611555321,3.593190478327097,6.33516768748967,5.905221999549631,4.152890474267519,3.684934686169027,2.6132253603622653,3.1356558983068927,4.210273649713677,5.096897828544096,3.7829040671118896,2.9003493984793156,3.4943718553921874,4.088396310469218,3.126574655657975,3.437392792218475,5.016486282745513,3.4134743974560937,1.511815072051978
12,-0.5318352059925091,0.3780545258144521,0.5050390863043138,0.74391440332776,1.0487443865075226,2.6739258558350856,2.8111673673131894,3.729539414684118,3.7296406815968237,3.7037482484312556,3.4225539363516075,3.746362013358148,4.704632133971401,3.5564560353647017,5.379165456627142,1.864335677329401,3.0709372186569808,2.2690717512995273,2.26586211767836,4.836699856282569,1.2139733002971722,1.6401161976474996,2.7005394405179186,5.4796018256134005,2.113308758216572,3.5750905571298714,3.3023191057159336,3.4352217965121614,1.894549515314293,4.545059224022454,2.6351789647278556,2.3218025656972454,1.5621508101699282,1.7021830114751948,5.229522438196544,5.012723683098267,5.111757048275109,2.915595621231654,0.3479119909989352,7.210337896286751,4.397282188354998,2.7214963822017566,2.1178320927335474,2.3556286282629015,2.7085582077829926,4.598290716328138,3.6201008234549956,2.807942096469689,3.0480995210649433,2.714045564415349,2.663153101025318,3.7386080096000724,4.307460046913156,3.9349623719227456,2.1497252825016275,1.2576966302782249,5.858082713565281,4.525050838586606,4.723151013237961,6.680515388651067,3.1840093262505436,4.914805077891822,4.164718990709799,6.165786656386425,2.9547366672901823,5.041935359123867,3.429559165758229,5.283294793265753,7.418615044936208,4.882460041224732,3.465731896169407,5.3379195217843565,6.787802176735857,1.931739024368543,5.243315436003549,4.901616833785287,4.264348758434073,2.1196900666799188,3.4571943693225187,5.051465519568897,6.908017602890634,4.0952315027668265,6.252906553370951,6.462476261717069,4.270600146028885,4.355104054797133,2.582479550332568,3.488880745558043,4.899256627968425,5.2637180799786965,4.370435555679851,3.030285410051964,3.616102342191999,4.648222035364258,3.528650371180992,3.6576331940445552,5.145245249059997,3.8128671481074212,1.8125604447451216
13,-0.5318352059925091,0.36084765423612486,0.4733376566147355,0.7005878422250404,0.9792949584048048,2.6293007832581323,2.7673268842810868,3.8543006318400046,3.757192829978542,3.6332744699550568,3.448976529520351,3.9490194233160985,4.982809539737119,3.919942458642146,5.704083183235155,2.0288341226085236,3.066985727513409,2.2503625159931784,2.6997606198710007,5.183618973419749,1.250271662648843,1.4599286035751335,2.5681672696816267,5.231736288718384,1.957346339964479,3.226378225654047,3.0556574766374256,3.4556014383361715,1.7765436959056746,4.48941960807622,3.1014186982608285,2.287797057939743,2.2030253711258005,1.6955764731522267,5.362353294691416,4.982810317016793,5.081182203463671,2.606263496453311,0.4920116043551326,7.69756676819534,4.38714083220139,2.6626003336637734,2.1081382040831573,2.0565209573185124,2.366957278211702,4.677867516190304,3.8261813549041666,2.6766829982808,3.0242472986698536,2.8557378498171326,2.5618025727588893,3.4740453396531037,4.474822719046707,3.948078113115315,2.2675344161026825,1.0570168076939006,5.695160760927348,4.625731343782237,4.887747336060828,6.999682298826183,2.9634377970035537,5.195196045734476,4.3536813241349535,6.446958369923099,3.1917521527021573,5.225551707681179,3.6997559593305973,5.490394963616119,7.719044041165443,5.623703399395962,3.7285010857237912,5.714196300489159,7.09497542738787,1.9454509452054962,5.470247468838125,5.043873937138309,4.708092446880942,2.168487512746516,3.619111018653358,5.413668982189642,7.022712888623868,4.486771443061642,5.9872189386121315,6.952961381210129,4.3898865624885435,4.926026070368491,2.628487076256639,3.717172132843138,5.455220328197835,5.46313722770852,4.783037509296741,3.1117309277223155,3.729230547499504,5.014164093485592,3.9003856848196556,3.8513836711440694,5.1574825384005205,4.045003813882526,2.050615184011326
14,-0.531835205992509,0.34840013011563353,0.44954313733983564,0.6703512284123931,0.9299548390924804,2.5798746632315415,2.7194722388958827,3.9217325224244064,3.75474967811132,3.5472216581820963,3.473208216508997,4.108769073124014,5.215429400662558,4.2569921908157164,5.966191435453593,2.2568447219077985,3.1533271332248565,2.3488427998618113,3.228314514211486,5.447344288800738,1.446275846168171,1.303541112721362,2.4311542923805898,4.743474578098349,1.93392620705451,2.7861548275089945,2.7157665670803435,3.3464595728539783,1.7484526108534562,4.245947605864337,3.7315334873981802,2.20562418462982,2.8273472143930505,1.8989073929274003,5.202963228422891,4.74305288155526,4.854159558446738,2.3038681218274903,0.7862763724170878,7.857081406223708,4.177226997886555,2.77535254084996,2.0915396350621336,1.6903797508185798,1.918352003320007,4.620726018720363,3.9603167946074658,2.4912373964217256,3.054550178437671,2.9837676131405324,2.466249536492872,3.1596431208222966,4.559127748179919,3.8672626320888384,2.3971738982106854,0.9090811089015238,5.263078520916719,4.753876041783482,4.88422471197756,7.057349979256007,2.615164937588549,5.508350062166189,4.538345308305698,6.579730540576257,3.5303557992089565,5.232345406368609,3.93353788120359,5.547228947007222,7.8140267606938565,6.483885525085848,4.146204480863125,5.870953330307257,7.14956432947084,2.0922001294208794,5.633336072551307,5.020650029565722,4.989161332378416,2.3413550131984886,3.8551193530598686,5.7113062105779795,6.879386169481241,4.734839454677907,5.5256896698073215,7.362298074340065,4.52648010254655,5.355859314254762,2.778616114445983,3.7858667044933028,5.8360529608140155,5.72010187057975,4.952566928442518,3.14431947107947,3.8419309608594947,5.08599718703087,4.230211003755218,4.0089368387255035,5.0168788397405475,4.065868723191366,2.20323842039415
15,-0.531835205992509,0.343274679007196,0.4384819048072278,0.6593359296552597,0.9104110262663784,2.5363135364780134,2.678502482736271,3.9276969219141797,3.7287447903369197,3.4578384396596955,3.504611093171765,4.221082936329653,5.399011910707003,4.559945429527469,6.15965113678784,2.5613258388973312,3.3624628532503373,2.6011688408808182,3.8646578040411135,5.612828166284882,1.8423902311774336,1.1883728347451745,2.3050837199175045,3.9884781977418906,2.0883159499151187,2.2619857867562976,2.280958988962767,3.088468117356435,1.8426549305293136,3.7906972649679744,4.5591680499951535,2.0746625703883956,3.410394936952389,2.3679446784608587,4.699163913814583,4.264479566553276,4.402397314190396,2.0311271843874086,1.2604292874027472,7.618628436369658,3.7391248366655327,3.11270692716451,2.075572162387837,1.26315184419237,1.3622287048601667,4.4082765718450165,4.011643479564027,2.2569365198405986,3.1649989540230767,3.098187944756988,2.3916725733436826,2.807444180085198,4.552838234246615,3.683079786742545,2.5441258218715155,0.8386385528485292,4.527956547572909,4.927697508515941,4.684406754699647,6.804317739812402,2.130547424935635,5.868278074237348,4.724745511546277,6.544753697054713,3.9939891667089316,5.030612646140181,4.123695822303784,5.428390021565789,7.671012429935548,7.4798649445216085,4.756746491192547,5.760784638341453,6.904636822885952,2.4108556435205415,5.726113832175209,4.802449458120749,5.065605154481134,2.674273986832908,4.188900115902416,5.934357163155113,6.4385961461889805,4.806464693081981,4.855903573550637,7.676107057418126,4.696111145102957,5.602762367827619,3.06023484121211,3.6603011048396663,5.999642736229067,6.059558607438563,4.8108808135971515,3.1276845597125247,3.9623780718167714,4.7634960181977455,4.506556735168925,4.120585311997344,4.687114842053537,3.8314462044439033,2.247689284437151
16,-0.531835205992509,0.34803402646503145,0.4449803353445273,0.6736733137190856,0.93035051762234,2.5092834437202476,2.6553166673809527,3.8680556657861818,3.685611730997104,3.3773734409351746,3.5525472553628763,4.281432986480773,5.530077263829737,4.821142372419457,6.278623210743282,2.9552358372472214,3.726894305048868,3.043996877025592,4.621924492701184,5.665022969731534,2.4790191979988974,1.1318428793055402,2.205538763595055,2.9404086516376124,2.4657831589747374,1.6614365274575444,1.7495473542027673,2.662298989134388,2.0915293253049114,3.0997226329683034,5.617967103906994,1.8942908398363874,3.9274471357845226,3.1584572374127475,3.7987670252900814,3.5181185618504425,3.697603671660729,1.8107583711662616,1.944193341530053,6.911954484630993,3.044418499793358,3.727617416011608,2.0677715627776334,0.7807840728691549,0.6980737045844383,4.021929523490965,3.9692977467729875,1.979111597485554,3.3815844190807485,3.1990519350379363,2.353250264427742,2.4294913444193464,4.448417277180618,3.386093434975666,2.7138722801310506,0.8704381584823433,3.455915394935441,5.1654083199051986,4.260117077938573,6.191384890367226,1.5009419359749179,6.28899102899834,4.918916502180935,6.322678368067281,4.606093815100431,4.5886496179499145,4.263020673557753,5.108471465418553,7.257450275304607,8.628500183930457,5.598031526317189,5.336284251694529,6.313260847534402,2.9402865540103296,5.742113332741947,4.359776569856612,4.895473652743756,3.2032258524468453,4.644134050541385,6.072801798342242,5.660901519473315,4.668676313740224,3.9654454764361935,7.88000904675557,4.914510069057815,5.624893812458725,3.5007114328665248,3.3058119782133506,5.903877864855093,6.506454037131142,4.289836165240608,3.0614597132105796,4.098746369916125,3.946435289183846,4.717853286242025,4.176621706168074,4.131871234312951,3.2977205860500916,2.161226906683886
17,-0.531835205992509,0.3652408980433599,0.4738648052793485,0.7194947483693128,0.9994603108561965,2.50945042568094,2.660813844408619,3.7386705895172723,3.6317840644336346,3.318075288555861,3.626378798936554,4.28529119712513,5.605145653990045,5.032923217133737,6.317268580825299,3.4515330806275677,4.27912290607947,3.713983146271526,5.513248583532996,5.588881063000046,3.3965671269548228,1.1513703560614506,2.148102634715934,1.5729274437741183,3.1115954246618287,0.9920724736743258,1.1198442747184254,2.0486241054786847,2.527454465551928,2.1490777574464954,6.941575366988942,1.6638876175947153,4.353782407870173,4.32621397744321,2.4495842372729917,2.4749980572863657,2.711486831823822,1.6654793691972647,2.86729152701695,5.66680617700551,2.0646921385250616,4.673037930795431,2.075673612948882,0.2492232722782024,-0.07462667575492254,3.4430952215849153,3.82241593323348,1.6630938583047277,3.7302973672653654,3.286412674354813,2.366161190861466,2.0378274408022956,4.238327976915749,2.9668674346874324,2.9118953660351683,1.0292289447503968,2.0130756170438384,5.485221051876845,3.5831792954058215,5.16935074079236,0.717705147636502,6.784499873499549,5.126892848533916,5.894155082322776,5.390111304281808,3.87475251275182,4.344303325892074,4.562066556692237,6.540789523215124,9.946649769539615,6.707963995842181,4.550046197469286,5.328504343317372,3.7193619273960845,5.6748671592836315,3.663135711826529,4.436816566720934,3.9641920288373775,5.244501900337152,6.116620074560571,4.506860990060468,4.288503472119005,2.8419002050581055,7.95962475866365,5.197407253311173,5.380412229519745,4.127414065720729,2.6877359689454816,5.506646557104192,7.085734758503667,3.321289983852843,2.945278451162734,4.259210344702352,2.5345897021867962,4.852531064155769,4.167338636446181,3.3148287054922445,2.420676196419881,1.9211104176779048
18,-0.531835205992509,0.3974580192963989,0.5299616909393051,0.802931601371385,1.1274274036637797,2.5474805230827893,2.7058930653979743,3.5354035285843084,3.5736953549882773,3.2921926090690605,3.735467819747015,4.228129541810483,5.620737275147212,5.187628161312363,6.269748170539279,4.063175932708474,5.051650073801149,4.647783886594011,6.55176407987785,5.369354809949765,4.6354383983674925,1.2643743746718785,2.1483585445828317,-0.14030392185999863,4.071020337404823,0.2614590494682272,0.3901623624278203,1.2281153836801801,3.182809021642017,0.9148166859837271,8.563637557096254,1.3828315282842958,4.664679350190035,5.926983806212402,0.5994272241869062,1.1061462427006492,1.4157549956457598,1.6180078655136243,4.059446836081382,3.8129301394910207,0.7715299041156882,6.001922394920172,2.1068140896189487,-0.3255837221512152,-0.9563861144056582,2.653184014053564,3.5601343759446404,1.31421453124626,4.23712859223161,3.3603232530790588,2.445583933761273,1.6444952962115713,3.915033433385833,2.415965643777074,3.143677172629749,1.339759930600116,0.16555776793761456,5.905348280356483,2.625417020812882,3.6890146009596467,-0.22780626314950836,7.368815554791367,5.354709118929464,5.23983436853001,6.36948319415141,2.857217521499926,4.360334670233323,3.7637685735135724,5.4884794000812,11.451172227576295,8.124448309372667,3.3546645027684994,3.9034352501360647,4.786950830183663,5.51790789683238,2.6830312310837288,3.64768363596733,4.993153934801578,6.013684408650099,6.055791950231304,2.9370332586766716,3.632975323684673,1.4728525860104815,7.900574909453618,5.560533076763088,4.8274762003823355,4.967710916086234,1.7714097213671882,4.765837023388486,7.822347370402326,1.8370992699138293,2.7787742931580866,4.451944485720245,0.4277339594042786,4.899020476091403,4.083028718040149,2.1996679445648875,1.1562973639632452,1.5045989479627746
19,-0.531835205992509,0.4472481157783673,0.6180973686520123,0.9301152404907458,1.3239387937409277,2.6340397766484966,2.8014533819277108,3.2541163184641455,3.517779167002787,3.311974029022107,3.889176413648486,4.10541999408459,5.573372321260518,5.277597402597393,6.130222903390605,4.803122757160046,6.07697722567293,5.882055335968442,7.750604985077042,4.9913965744400395,6.236037392559166,1.488274044795804,2.2218897044984316,-2.2256239412761296,5.389325487632172,-0.5228383210991705,-0.4411857707509772,0.18144474102971764,4.089971663946871,-0.6270065338388404,10.517798392084156,1.050501196526048,4.835416559724832,8.016535631380439,-1.8038923395445625,-0.6174086920671019,-0.21788363590737259,1.6910615471485495,5.550382260941296,1.28007299808533,-0.8634840521797364,7.767224731790019,2.1687287695051896,-0.937690074989832,-1.947718289615512,1.6336062488236192,3.1715894119056065,0.9378048452582792,4.928068887634147,3.4208367615821085,2.606697074243584,1.2615377376247197,3.470996746524693,1.7239519201438191,3.4146997929606706,1.8267801349789439,-2.1205175983437017,6.444002581269693,1.358653867871233,1.7011757807409535,-1.3442356194530067,8.055949019924181,5.608399881691821,4.340366755397799,7.567651044607594,1.5043408351482417,4.3039055975080736,2.6881707940092867,4.067969132316922,13.158926084267714,9.885388876513769,1.702733194694976,1.9911215078916598,6.181922328878899,5.264768130420303,1.3899674746814186,2.4861246000375763,6.326092989136516,6.975362318840593,5.880297383775637,0.9119770260481378,2.6691210239035987,-0.15411255411255365,7.688480215436727,6.019617918313607,3.9242443064181693,6.048970160274545,0.5221698798095922,3.639337474120056,8.741238471673293,-0.23087897609647712,2.5615807587857367,4.685123282514603,-2.474357236966128,4.845751929230173,3.913984566158465,0.7500696405043321,-0.5394315829098701,0.8889516280820411
